link_booking,name_booking,precio_booking,rating_booking,review_booking
www.airbnb.com.pe/rooms/21711501?adults=1&children=0&enable_m3_private_room=true&infants=0&pets=0&search_mode=regular_search&check_in=2024-11-30&check_out=2024-12-05&source_impression_id=p3_1730060138_P3IHYj12f-higz9Z&previous_page_section_name=1000,"Sencillo, moderno y cerca de la playa",302,4.77,1236
www.airbnb.com.pe/rooms/1218645303173234166?adults=1&category_tag=Tag%3A8678&children=0&enable_m3_private_room=true&infants=0&pets=0&photo_id=1971156620&search_mode=regular_search&check_in=2025-01-07&check_out=2025-01-12&source_impression_id=p3_1730060145_P3cetLRw78GwaHcr&previous_page_section_name=1000,Habitación Individual,162,4.93,15
www.airbnb.com.pe/rooms/27127886?adults=1&category_tag=Tag%3A8678&children=0&enable_m3_private_room=true&infants=0&pets=0&photo_id=1198245423&search_mode=regular_search&check_in=2025-01-14&check_out=2025-01-19&source_impression_id=p3_1730060148_P34bIUNXnUSj_2Ue&previous_page_section_name=1000,Cómoda y luminosa. Muy cerca Campo del Barça WIFI,146,4.92,284
www.airbnb.com.pe/rooms/1221751561372481946?adults=1&category_tag=Tag%3A8678&children=0&enable_m3_private_room=true&infants=0&pets=0&photo_id=1973735631&search_mode=regular_search&check_in=2024-11-17&check_out=2024-11-22&source_impression_id=p3_1730060152_P3TYUXy_0MB75IrQ&previous_page_section_name=1000,Habitacion individual,124,4.72,18
www.airbnb.com.pe/rooms/41822352?adults=1&category_tag=Tag%3A8678&children=0&enable_m3_private_room=true&infants=0&pets=0&photo_id=1877977358&search_mode=regular_search&check_in=2024-11-17&check_out=2024-11-22&source_impression_id=p3_1730060156_P3ZLEQIdboFQSwm7&previous_page_section_name=1000,Balcón privado para 2 personas cerca de la Sagrada Familia,374,4.91,23
www.airbnb.com.pe/rooms/583987826544046548?adults=1&category_tag=Tag%3A8678&children=0&enable_m3_private_room=true&infants=0&pets=0&photo_id=2014996220&search_mode=regular_search&check_in=2025-01-02&check_out=2025-01-07&source_impression_id=p3_1730060159_P3xwh1zPdHEanxSz&previous_page_section_name=1000,Precioso apartamento  cerca  ala estación de sants,101,4.6,189
www.airbnb.com.pe/rooms/982574005765784708?adults=1&children=0&enable_m3_private_room=true&infants=0&pets=0&search_mode=regular_search&check_in=2024-11-23&check_out=2024-11-28&source_impression_id=p3_1730060163_P3J63QNr_KZjlC7T&previous_page_section_name=1000,Bienvenido Apart. Bergueda Street,271,5.0,7
www.airbnb.com.pe/rooms/6833040?adults=1&category_tag=Tag%3A8678&children=0&enable_m3_private_room=true&infants=0&pets=0&photo_id=680690576&search_mode=regular_search&check_in=2024-12-11&check_out=2024-12-16&source_impression_id=p3_1730060167_P3a1-EShqZj9oA7-&previous_page_section_name=1000,Habitación Privada cerca del Estadio Camp Nou,130,4.52,292
www.airbnb.com.pe/rooms/15593934?adults=1&category_tag=Tag%3A8678&children=0&enable_m3_private_room=true&infants=0&pets=0&photo_id=1756964401&search_mode=regular_search&check_in=2025-01-10&check_out=2025-01-15&source_impression_id=p3_1730060170_P3IPAUGTKmzO6IOv&previous_page_section_name=1000,Bonita habitación barata y céntrica de 31 días en Barcelona,163,4.81,502
www.airbnb.com.pe/rooms/1202828460995202150?adults=1&children=0&enable_m3_private_room=true&infants=0&pets=0&search_mode=regular_search&check_in=2024-12-08&check_out=2024-12-13&source_impression_id=p3_1730060173_P3C6-igdgWmfgBlx&previous_page_section_name=1000,Palacio de la Música 9,645,4.75,4
www.airbnb.com.pe/rooms/27381858?adults=1&category_tag=Tag%3A8678&children=0&enable_m3_private_room=true&infants=0&pets=0&photo_id=609143690&search_mode=regular_search&check_in=2024-12-14&check_out=2024-12-19&source_impression_id=p3_1730060177_P3uSaM6q2M79WOdK&previous_page_section_name=1000,Hab X 2 :) Hospital Sant Pau y Sagrada Familia,153,4.56,209
www.airbnb.com.pe/rooms/1233912067738312329?adults=1&category_tag=Tag%3A8678&children=0&enable_m3_private_room=true&infants=0&pets=0&photo_id=1983896100&search_mode=regular_search&check_in=2024-12-01&check_out=2024-12-06&source_impression_id=p3_1730060181_P3HMZ8ft4D02Gt0l&previous_page_section_name=1000,Habitación privada La Eixample para 2 personas,444,4.38,8
www.airbnb.com.pe/rooms/16762460?adults=1&category_tag=Tag%3A8678&children=0&enable_m3_private_room=true&infants=0&pets=0&photo_id=951434518&search_mode=regular_search&check_in=2025-01-06&check_out=2025-01-11&source_impression_id=p3_1730060185_P3LGvAPBBSdZDdc-&previous_page_section_name=1000,Hogar compartido.,199,4.77,430
www.airbnb.com.pe/rooms/563396040001104055?adults=1&children=0&enable_m3_private_room=true&infants=0&pets=0&search_mode=regular_search&check_in=2024-11-10&check_out=2024-11-15&source_impression_id=p3_1730060189_P31etxDyfgUC0vzP&previous_page_section_name=1000,Acogedor dormitorio de 6 plazas,124,4.37,121
www.airbnb.com.pe/rooms/1018087113579414014?adults=1&category_tag=Tag%3A8678&children=0&enable_m3_private_room=true&infants=0&pets=0&photo_id=1774183212&search_mode=regular_search&check_in=2024-11-23&check_out=2024-11-28&source_impression_id=p3_1730060193_P3qcCWVwNVgVOh5i&previous_page_section_name=1000,Habitación con dos camas separadas.,114,4.68,37
www.airbnb.com.pe/rooms/1093431054711914255?adults=1&category_tag=Tag%3A8678&children=0&enable_m3_private_room=true&infants=0&pets=0&photo_id=1904575728&search_mode=regular_search&check_in=2024-12-01&check_out=2024-12-06&source_impression_id=p3_1730060197_P3Y2krJNO0Ta_moC&previous_page_section_name=1000,Habitación céntrica baño privado,354,4.79,47
www.airbnb.com.pe/rooms/1116642533191974191?adults=1&category_tag=Tag%3A8678&children=0&enable_m3_private_room=true&infants=0&pets=0&photo_id=1905017508&search_mode=regular_search&check_in=2024-11-10&check_out=2024-11-15&source_impression_id=p3_1730060201_P3x2lPpb0w8unp8o&previous_page_section_name=1000,Habitación individual,187,4.46,41
www.airbnb.com.pe/rooms/40447482?adults=1&category_tag=Tag%3A8678&children=0&enable_m3_private_room=true&infants=0&pets=0&photo_id=1665978344&search_mode=regular_search&check_in=2024-11-18&check_out=2024-11-23&source_impression_id=p3_1730060204_P3qIpZG8aXmtklhe&previous_page_section_name=1000,Habitación doble grande en el centro,142,4.82,39
www.airbnb.com.pe/rooms/21711501?adults=1&children=0&enable_m3_private_room=true&infants=0&pets=0&search_mode=regular_search&check_in=2024-11-30&check_out=2024-12-05&source_impression_id=p3_1730060208_P3zRdKVhpP5G_FTV&previous_page_section_name=1000,"Sencillo, moderno y cerca de la playa",302,4.77,1236
www.airbnb.com.pe/rooms/1218645303173234166?adults=1&category_tag=Tag%3A8678&children=0&enable_m3_private_room=true&infants=0&pets=0&photo_id=1971156620&search_mode=regular_search&check_in=2025-01-07&check_out=2025-01-12&source_impression_id=p3_1730060212_P3XyRTVOwoL9NCjh&previous_page_section_name=1000,Habitación Individual,162,4.93,15
www.airbnb.com.pe/rooms/27127886?adults=1&category_tag=Tag%3A8678&children=0&enable_m3_private_room=true&infants=0&pets=0&photo_id=1198245423&search_mode=regular_search&check_in=2025-01-14&check_out=2025-01-19&source_impression_id=p3_1730060216_P3owIdlz0omZD4KK&previous_page_section_name=1000,Cómoda y luminosa. Muy cerca Campo del Barça WIFI,146,4.92,284
www.airbnb.com.pe/rooms/1221751561372481946?adults=1&category_tag=Tag%3A8678&children=0&enable_m3_private_room=true&infants=0&pets=0&photo_id=1973735631&search_mode=regular_search&check_in=2024-11-17&check_out=2024-11-22&source_impression_id=p3_1730060219_P3rZMXTy4U2Di9ej&previous_page_section_name=1000,Habitacion individual,124,4.72,18
www.airbnb.com.pe/rooms/41822352?adults=1&category_tag=Tag%3A8678&children=0&enable_m3_private_room=true&infants=0&pets=0&photo_id=1877977358&search_mode=regular_search&check_in=2024-11-17&check_out=2024-11-22&source_impression_id=p3_1730060223_P3nbavhwtYRxtGWS&previous_page_section_name=1000,Balcón privado para 2 personas cerca de la Sagrada Familia,374,4.91,23
www.airbnb.com.pe/rooms/583987826544046548?adults=1&category_tag=Tag%3A8678&children=0&enable_m3_private_room=true&infants=0&pets=0&photo_id=2014996220&search_mode=regular_search&check_in=2025-01-02&check_out=2025-01-07&source_impression_id=p3_1730060227_P378Ihulu14ppf5l&previous_page_section_name=1000,Precioso apartamento  cerca  ala estación de sants,101,4.6,189
www.airbnb.com.pe/rooms/982574005765784708?adults=1&children=0&enable_m3_private_room=true&infants=0&pets=0&search_mode=regular_search&check_in=2024-11-23&check_out=2024-11-28&source_impression_id=p3_1730060230_P3WlDBWTDDg1pILg&previous_page_section_name=1000,Bienvenido Apart. Bergueda Street,271,5.0,7
www.airbnb.com.pe/rooms/6833040?adults=1&category_tag=Tag%3A8678&children=0&enable_m3_private_room=true&infants=0&pets=0&photo_id=680690576&search_mode=regular_search&check_in=2024-12-11&check_out=2024-12-16&source_impression_id=p3_1730060234_P3fevyNcZmUmYiqY&previous_page_section_name=1000,Habitación Privada cerca del Estadio Camp Nou,130,4.52,292
www.airbnb.com.pe/rooms/15593934?adults=1&category_tag=Tag%3A8678&children=0&enable_m3_private_room=true&infants=0&pets=0&photo_id=1756964401&search_mode=regular_search&check_in=2025-01-10&check_out=2025-01-15&source_impression_id=p3_1730060238_P3dAXlcQoeh5LZ2v&previous_page_section_name=1000,Bonita habitación barata y céntrica de 31 días en Barcelona,163,4.81,502
www.airbnb.com.pe/rooms/1202828460995202150?adults=1&children=0&enable_m3_private_room=true&infants=0&pets=0&search_mode=regular_search&check_in=2024-12-08&check_out=2024-12-13&source_impression_id=p3_1730060242_P3eVAr_bC4WM0en4&previous_page_section_name=1000,Palacio de la Música 9,645,4.75,4
www.airbnb.com.pe/rooms/27381858?adults=1&category_tag=Tag%3A8678&children=0&enable_m3_private_room=true&infants=0&pets=0&photo_id=609143690&search_mode=regular_search&check_in=2024-12-14&check_out=2024-12-19&source_impression_id=p3_1730060245_P3JRQaJRpeyw3uLp&previous_page_section_name=1000,Hab X 2 :) Hospital Sant Pau y Sagrada Familia,153,4.56,209
www.airbnb.com.pe/rooms/1233912067738312329?adults=1&category_tag=Tag%3A8678&children=0&enable_m3_private_room=true&infants=0&pets=0&photo_id=1983896100&search_mode=regular_search&check_in=2024-12-01&check_out=2024-12-06&source_impression_id=p3_1730060249_P3yXFNa0CwnklzlD&previous_page_section_name=1000,Habitación privada La Eixample para 2 personas,444,4.38,8
www.airbnb.com.pe/rooms/16762460?adults=1&category_tag=Tag%3A8678&children=0&enable_m3_private_room=true&infants=0&pets=0&photo_id=951434518&search_mode=regular_search&check_in=2025-01-06&check_out=2025-01-11&source_impression_id=p3_1730060253_P3Ls-cuoW4rvpGht&previous_page_section_name=1000,Hogar compartido.,199,4.77,430
www.airbnb.com.pe/rooms/563396040001104055?adults=1&children=0&enable_m3_private_room=true&infants=0&pets=0&search_mode=regular_search&check_in=2024-11-10&check_out=2024-11-15&source_impression_id=p3_1730060257_P3aA6DdvqpZiTMt-&previous_page_section_name=1000,Acogedor dormitorio de 6 plazas,124,4.37,121
www.airbnb.com.pe/rooms/1018087113579414014?adults=1&category_tag=Tag%3A8678&children=0&enable_m3_private_room=true&infants=0&pets=0&photo_id=1774183212&search_mode=regular_search&check_in=2024-11-23&check_out=2024-11-28&source_impression_id=p3_1730060261_P3MrbTEvBMrCmSXG&previous_page_section_name=1000,Habitación con dos camas separadas.,114,4.68,37
www.airbnb.com.pe/rooms/1093431054711914255?adults=1&category_tag=Tag%3A8678&children=0&enable_m3_private_room=true&infants=0&pets=0&photo_id=1904575728&search_mode=regular_search&check_in=2024-12-01&check_out=2024-12-06&source_impression_id=p3_1730060265_P33lBDi6boXcxsik&previous_page_section_name=1000,Habitación céntrica baño privado,354,4.79,47
www.airbnb.com.pe/rooms/1116642533191974191?adults=1&category_tag=Tag%3A8678&children=0&enable_m3_private_room=true&infants=0&pets=0&photo_id=1905017508&search_mode=regular_search&check_in=2024-11-10&check_out=2024-11-15&source_impression_id=p3_1730060269_P3RssBzS5w7k0J3m&previous_page_section_name=1000,Habitación individual,187,4.46,41
www.airbnb.com.pe/rooms/40447482?adults=1&category_tag=Tag%3A8678&children=0&enable_m3_private_room=true&infants=0&pets=0&photo_id=1665978344&search_mode=regular_search&check_in=2024-11-18&check_out=2024-11-23&source_impression_id=p3_1730060273_P3UgnheJ0SP6MXC5&previous_page_section_name=1000,Habitación doble grande en el centro,142,4.82,39
www.airbnb.com.pe/rooms/21711501?adults=1&children=0&enable_m3_private_room=true&infants=0&pets=0&search_mode=regular_search&check_in=2024-11-30&check_out=2024-12-05&source_impression_id=p3_1730060277_P3h1HfQ2vR9iOHKV&previous_page_section_name=1000,"Sencillo, moderno y cerca de la playa",302,4.77,1236
www.airbnb.com.pe/rooms/1218645303173234166?adults=1&category_tag=Tag%3A8678&children=0&enable_m3_private_room=true&infants=0&pets=0&photo_id=1971156620&search_mode=regular_search&check_in=2025-01-07&check_out=2025-01-12&source_impression_id=p3_1730060281_P3imORvbplFU_W-n&previous_page_section_name=1000,Habitación Individual,162,4.93,15
www.airbnb.com.pe/rooms/27127886?adults=1&category_tag=Tag%3A8678&children=0&enable_m3_private_room=true&infants=0&pets=0&photo_id=1198245423&search_mode=regular_search&check_in=2025-01-14&check_out=2025-01-19&source_impression_id=p3_1730060284_P32gn1-ckyGvAHlU&previous_page_section_name=1000,Cómoda y luminosa. Muy cerca Campo del Barça WIFI,146,4.92,284
www.airbnb.com.pe/rooms/1221751561372481946?adults=1&category_tag=Tag%3A8678&children=0&enable_m3_private_room=true&infants=0&pets=0&photo_id=1973735631&search_mode=regular_search&check_in=2024-11-17&check_out=2024-11-22&source_impression_id=p3_1730060288_P3W8GPv_BqUofmSG&previous_page_section_name=1000,Habitacion individual,124,4.72,18
www.airbnb.com.pe/rooms/41822352?adults=1&category_tag=Tag%3A8678&children=0&enable_m3_private_room=true&infants=0&pets=0&photo_id=1877977358&search_mode=regular_search&check_in=2024-11-17&check_out=2024-11-22&source_impression_id=p3_1730060292_P3xRzuc-JIHXQ1wL&previous_page_section_name=1000,Balcón privado para 2 personas cerca de la Sagrada Familia,374,4.91,23
www.airbnb.com.pe/rooms/583987826544046548?adults=1&category_tag=Tag%3A8678&children=0&enable_m3_private_room=true&infants=0&pets=0&photo_id=2014996220&search_mode=regular_search&check_in=2025-01-02&check_out=2025-01-07&source_impression_id=p3_1730060295_P3Xl-nlKj8lUyuHQ&previous_page_section_name=1000,Precioso apartamento  cerca  ala estación de sants,101,4.6,189
www.airbnb.com.pe/rooms/982574005765784708?adults=1&children=0&enable_m3_private_room=true&infants=0&pets=0&search_mode=regular_search&check_in=2024-11-23&check_out=2024-11-28&source_impression_id=p3_1730060299_P3V2Nug9u_dbywMF&previous_page_section_name=1000,Bienvenido Apart. Bergueda Street,271,5.0,7
www.airbnb.com.pe/rooms/6833040?adults=1&category_tag=Tag%3A8678&children=0&enable_m3_private_room=true&infants=0&pets=0&photo_id=680690576&search_mode=regular_search&check_in=2024-12-11&check_out=2024-12-16&source_impression_id=p3_1730060303_P3WKIrI2iXf47M-_&previous_page_section_name=1000,Habitación Privada cerca del Estadio Camp Nou,130,4.52,292
www.airbnb.com.pe/rooms/15593934?adults=1&category_tag=Tag%3A8678&children=0&enable_m3_private_room=true&infants=0&pets=0&photo_id=1756964401&search_mode=regular_search&check_in=2025-01-10&check_out=2025-01-15&source_impression_id=p3_1730060306_P3UF63JrAmB6KObs&previous_page_section_name=1000,Bonita habitación barata y céntrica de 31 días en Barcelona,163,4.81,502
www.airbnb.com.pe/rooms/1202828460995202150?adults=1&children=0&enable_m3_private_room=true&infants=0&pets=0&search_mode=regular_search&check_in=2024-12-08&check_out=2024-12-13&source_impression_id=p3_1730060310_P3_fIYp3KjjfbRqg&previous_page_section_name=1000,Palacio de la Música 9,645,4.75,4
www.airbnb.com.pe/rooms/27381858?adults=1&category_tag=Tag%3A8678&children=0&enable_m3_private_room=true&infants=0&pets=0&photo_id=609143690&search_mode=regular_search&check_in=2024-12-14&check_out=2024-12-19&source_impression_id=p3_1730060314_P3_3De6ZJNAemumL&previous_page_section_name=1000,Hab X 2 :) Hospital Sant Pau y Sagrada Familia,153,4.56,209
www.airbnb.com.pe/rooms/1233912067738312329?adults=1&category_tag=Tag%3A8678&children=0&enable_m3_private_room=true&infants=0&pets=0&photo_id=1983896100&search_mode=regular_search&check_in=2024-12-01&check_out=2024-12-06&source_impression_id=p3_1730060318_P3b2BkGpgUOZwZUa&previous_page_section_name=1000,Habitación privada La Eixample para 2 personas,444,4.38,8
www.airbnb.com.pe/rooms/16762460?adults=1&category_tag=Tag%3A8678&children=0&enable_m3_private_room=true&infants=0&pets=0&photo_id=951434518&search_mode=regular_search&check_in=2025-01-06&check_out=2025-01-11&source_impression_id=p3_1730060322_P3yKrWHlL7G6Y7py&previous_page_section_name=1000,Hogar compartido.,199,4.77,430
www.airbnb.com.pe/rooms/563396040001104055?adults=1&children=0&enable_m3_private_room=true&infants=0&pets=0&search_mode=regular_search&check_in=2024-11-10&check_out=2024-11-15&source_impression_id=p3_1730060326_P3oen6p5dc43h5oq&previous_page_section_name=1000,Acogedor dormitorio de 6 plazas,124,4.37,121
www.airbnb.com.pe/rooms/1018087113579414014?adults=1&category_tag=Tag%3A8678&children=0&enable_m3_private_room=true&infants=0&pets=0&photo_id=1774183212&search_mode=regular_search&check_in=2024-11-23&check_out=2024-11-28&source_impression_id=p3_1730060329_P3pfFU_B9H_vMCiI&previous_page_section_name=1000,Habitación con dos camas separadas.,114,4.68,37
www.airbnb.com.pe/rooms/1093431054711914255?adults=1&category_tag=Tag%3A8678&children=0&enable_m3_private_room=true&infants=0&pets=0&photo_id=1904575728&search_mode=regular_search&check_in=2024-12-01&check_out=2024-12-06&source_impression_id=p3_1730060333_P3BkaC7vr-3u99J6&previous_page_section_name=1000,Habitación céntrica baño privado,354,4.79,47
www.airbnb.com.pe/rooms/1116642533191974191?adults=1&category_tag=Tag%3A8678&children=0&enable_m3_private_room=true&infants=0&pets=0&photo_id=1905017508&search_mode=regular_search&check_in=2024-11-10&check_out=2024-11-15&source_impression_id=p3_1730060336_P3Lx_uQkZ8nz6gEb&previous_page_section_name=1000,Habitación individual,187,4.46,41
www.airbnb.com.pe/rooms/40447482?adults=1&category_tag=Tag%3A8678&children=0&enable_m3_private_room=true&infants=0&pets=0&photo_id=1665978344&search_mode=regular_search&check_in=2024-11-18&check_out=2024-11-23&source_impression_id=p3_1730060340_P3--JbksG3BFJ40V&previous_page_section_name=1000,Habitación doble grande en el centro,142,4.82,39
www.airbnb.com.pe/rooms/21711501?adults=1&children=0&enable_m3_private_room=true&infants=0&pets=0&search_mode=regular_search&check_in=2024-11-30&check_out=2024-12-05&source_impression_id=p3_1730060344_P3jUGLXSirhsFI-5&previous_page_section_name=1000,"Sencillo, moderno y cerca de la playa",302,4.77,1236
www.airbnb.com.pe/rooms/1218645303173234166?adults=1&category_tag=Tag%3A8678&children=0&enable_m3_private_room=true&infants=0&pets=0&photo_id=1971156620&search_mode=regular_search&check_in=2025-01-07&check_out=2025-01-12&source_impression_id=p3_1730060347_P30pNXf5SeHbv4lA&previous_page_section_name=1000,Habitación Individual,162,4.93,15
www.airbnb.com.pe/rooms/27127886?adults=1&category_tag=Tag%3A8678&children=0&enable_m3_private_room=true&infants=0&pets=0&photo_id=1198245423&search_mode=regular_search&check_in=2025-01-14&check_out=2025-01-19&source_impression_id=p3_1730060351_P3kyW4Bd7GgFo_gJ&previous_page_section_name=1000,Cómoda y luminosa. Muy cerca Campo del Barça WIFI,146,4.92,284
www.airbnb.com.pe/rooms/1221751561372481946?adults=1&category_tag=Tag%3A8678&children=0&enable_m3_private_room=true&infants=0&pets=0&photo_id=1973735631&search_mode=regular_search&check_in=2024-11-17&check_out=2024-11-22&source_impression_id=p3_1730060355_P34CgxSD1M6ealjw&previous_page_section_name=1000,Habitacion individual,124,4.72,18
www.airbnb.com.pe/rooms/41822352?adults=1&category_tag=Tag%3A8678&children=0&enable_m3_private_room=true&infants=0&pets=0&photo_id=1877977358&search_mode=regular_search&check_in=2024-11-17&check_out=2024-11-22&source_impression_id=p3_1730060359_P31XisTKW7y0v-tn&previous_page_section_name=1000,Balcón privado para 2 personas cerca de la Sagrada Familia,374,4.91,23
www.airbnb.com.pe/rooms/583987826544046548?adults=1&category_tag=Tag%3A8678&children=0&enable_m3_private_room=true&infants=0&pets=0&photo_id=2014996220&search_mode=regular_search&check_in=2025-01-02&check_out=2025-01-07&source_impression_id=p3_1730060362_P3A-1MsU2VtsYLZb&previous_page_section_name=1000,Precioso apartamento  cerca  ala estación de sants,101,4.6,189
www.airbnb.com.pe/rooms/982574005765784708?adults=1&children=0&enable_m3_private_room=true&infants=0&pets=0&search_mode=regular_search&check_in=2024-11-23&check_out=2024-11-28&source_impression_id=p3_1730060366_P3NxYRsF4nGlN0pR&previous_page_section_name=1000,Bienvenido Apart. Bergueda Street,271,5.0,7
www.airbnb.com.pe/rooms/6833040?adults=1&category_tag=Tag%3A8678&children=0&enable_m3_private_room=true&infants=0&pets=0&photo_id=680690576&search_mode=regular_search&check_in=2024-12-11&check_out=2024-12-16&source_impression_id=p3_1730060370_P3vBIFNoXUhBSBm0&previous_page_section_name=1000,Habitación Privada cerca del Estadio Camp Nou,130,4.52,292
www.airbnb.com.pe/rooms/15593934?adults=1&category_tag=Tag%3A8678&children=0&enable_m3_private_room=true&infants=0&pets=0&photo_id=1756964401&search_mode=regular_search&check_in=2025-01-10&check_out=2025-01-15&source_impression_id=p3_1730060373_P3CKMYY9rasXUW0-&previous_page_section_name=1000,Bonita habitación barata y céntrica de 31 días en Barcelona,163,4.81,502
www.airbnb.com.pe/rooms/1202828460995202150?adults=1&children=0&enable_m3_private_room=true&infants=0&pets=0&search_mode=regular_search&check_in=2024-12-08&check_out=2024-12-13&source_impression_id=p3_1730060377_P3EC6eVWguxIIN3g&previous_page_section_name=1000,Palacio de la Música 9,645,4.75,4
www.airbnb.com.pe/rooms/27381858?adults=1&category_tag=Tag%3A8678&children=0&enable_m3_private_room=true&infants=0&pets=0&photo_id=609143690&search_mode=regular_search&check_in=2024-12-14&check_out=2024-12-19&source_impression_id=p3_1730060380_P35oxgzDPWn3FSyG&previous_page_section_name=1000,Hab X 2 :) Hospital Sant Pau y Sagrada Familia,153,4.56,209
www.airbnb.com.pe/rooms/1233912067738312329?adults=1&category_tag=Tag%3A8678&children=0&enable_m3_private_room=true&infants=0&pets=0&photo_id=1983896100&search_mode=regular_search&check_in=2024-12-01&check_out=2024-12-06&source_impression_id=p3_1730060384_P3rSK0gE-ve6TQWl&previous_page_section_name=1000,Habitación privada La Eixample para 2 personas,444,4.38,8
www.airbnb.com.pe/rooms/16762460?adults=1&category_tag=Tag%3A8678&children=0&enable_m3_private_room=true&infants=0&pets=0&photo_id=951434518&search_mode=regular_search&check_in=2025-01-06&check_out=2025-01-11&source_impression_id=p3_1730060388_P3lS0jSU2B7kn57S&previous_page_section_name=1000,Hogar compartido.,199,4.77,430
www.airbnb.com.pe/rooms/563396040001104055?adults=1&children=0&enable_m3_private_room=true&infants=0&pets=0&search_mode=regular_search&check_in=2024-11-10&check_out=2024-11-15&source_impression_id=p3_1730060391_P3VJn22J7sf5ZKmM&previous_page_section_name=1000,Acogedor dormitorio de 6 plazas,124,4.37,121
www.airbnb.com.pe/rooms/1018087113579414014?adults=1&category_tag=Tag%3A8678&children=0&enable_m3_private_room=true&infants=0&pets=0&photo_id=1774183212&search_mode=regular_search&check_in=2024-11-23&check_out=2024-11-28&source_impression_id=p3_1730060395_P3HysSUh3iFrK102&previous_page_section_name=1000,Habitación con dos camas separadas.,114,4.68,37
www.airbnb.com.pe/rooms/1093431054711914255?adults=1&category_tag=Tag%3A8678&children=0&enable_m3_private_room=true&infants=0&pets=0&photo_id=1904575728&search_mode=regular_search&check_in=2024-12-01&check_out=2024-12-06&source_impression_id=p3_1730060398_P3kTvvXgW5BgDxAI&previous_page_section_name=1000,Habitación céntrica baño privado,354,4.79,47
www.airbnb.com.pe/rooms/1116642533191974191?adults=1&category_tag=Tag%3A8678&children=0&enable_m3_private_room=true&infants=0&pets=0&photo_id=1905017508&search_mode=regular_search&check_in=2024-11-10&check_out=2024-11-15&source_impression_id=p3_1730060402_P3pQuQVI7BnWEA6q&previous_page_section_name=1000,Habitación individual,187,4.46,41
www.airbnb.com.pe/rooms/40447482?adults=1&category_tag=Tag%3A8678&children=0&enable_m3_private_room=true&infants=0&pets=0&photo_id=1665978344&search_mode=regular_search&check_in=2024-11-18&check_out=2024-11-23&source_impression_id=p3_1730060405_P3SWQ4S6FJ1Bky9u&previous_page_section_name=1000,Habitación doble grande en el centro,142,4.82,39
www.airbnb.com.pe/rooms/21711501?adults=1&children=0&enable_m3_private_room=true&infants=0&pets=0&search_mode=regular_search&check_in=2024-11-30&check_out=2024-12-05&source_impression_id=p3_1730060409_P3yTHMsxXLiB9akO&previous_page_section_name=1000,"Sencillo, moderno y cerca de la playa",302,4.77,1236
www.airbnb.com.pe/rooms/1218645303173234166?adults=1&category_tag=Tag%3A8678&children=0&enable_m3_private_room=true&infants=0&pets=0&photo_id=1971156620&search_mode=regular_search&check_in=2025-01-07&check_out=2025-01-12&source_impression_id=p3_1730060413_P3E4FxP4SbMipUr2&previous_page_section_name=1000,Habitación Individual,162,4.93,15
www.airbnb.com.pe/rooms/27127886?adults=1&category_tag=Tag%3A8678&children=0&enable_m3_private_room=true&infants=0&pets=0&photo_id=1198245423&search_mode=regular_search&check_in=2025-01-14&check_out=2025-01-19&source_impression_id=p3_1730060417_P3uzdpnghL5Z3zsU&previous_page_section_name=1000,Cómoda y luminosa. Muy cerca Campo del Barça WIFI,146,4.92,284
www.airbnb.com.pe/rooms/1221751561372481946?adults=1&category_tag=Tag%3A8678&children=0&enable_m3_private_room=true&infants=0&pets=0&photo_id=1973735631&search_mode=regular_search&check_in=2024-11-17&check_out=2024-11-22&source_impression_id=p3_1730060421_P3gasXIcEhwFnYcu&previous_page_section_name=1000,Habitacion individual,124,4.72,18
www.airbnb.com.pe/rooms/41822352?adults=1&category_tag=Tag%3A8678&children=0&enable_m3_private_room=true&infants=0&pets=0&photo_id=1877977358&search_mode=regular_search&check_in=2024-11-17&check_out=2024-11-22&source_impression_id=p3_1730060425_P38kuY9wyDPqJfbH&previous_page_section_name=1000,Balcón privado para 2 personas cerca de la Sagrada Familia,374,4.91,23
www.airbnb.com.pe/rooms/583987826544046548?adults=1&category_tag=Tag%3A8678&children=0&enable_m3_private_room=true&infants=0&pets=0&photo_id=2014996220&search_mode=regular_search&check_in=2025-01-02&check_out=2025-01-07&source_impression_id=p3_1730060429_P3pfumfEj_3QfF6u&previous_page_section_name=1000,Precioso apartamento  cerca  ala estación de sants,101,4.6,189
www.airbnb.com.pe/rooms/982574005765784708?adults=1&children=0&enable_m3_private_room=true&infants=0&pets=0&search_mode=regular_search&check_in=2024-11-23&check_out=2024-11-28&source_impression_id=p3_1730060432_P3mwkf8kGDLwpAJQ&previous_page_section_name=1000,Bienvenido Apart. Bergueda Street,271,5.0,7
www.airbnb.com.pe/rooms/6833040?adults=1&category_tag=Tag%3A8678&children=0&enable_m3_private_room=true&infants=0&pets=0&photo_id=680690576&search_mode=regular_search&check_in=2024-12-11&check_out=2024-12-16&source_impression_id=p3_1730060436_P3I7Yu_5uxE4KRiR&previous_page_section_name=1000,Habitación Privada cerca del Estadio Camp Nou,130,4.52,292
www.airbnb.com.pe/rooms/15593934?adults=1&category_tag=Tag%3A8678&children=0&enable_m3_private_room=true&infants=0&pets=0&photo_id=1756964401&search_mode=regular_search&check_in=2025-01-10&check_out=2025-01-15&source_impression_id=p3_1730060440_P3ayis60xbz5DIB2&previous_page_section_name=1000,Bonita habitación barata y céntrica de 31 días en Barcelona,163,4.81,502
www.airbnb.com.pe/rooms/1202828460995202150?adults=1&children=0&enable_m3_private_room=true&infants=0&pets=0&search_mode=regular_search&check_in=2024-12-08&check_out=2024-12-13&source_impression_id=p3_1730060443_P3uhUEEc5YfNaywz&previous_page_section_name=1000,Palacio de la Música 9,645,4.75,4
www.airbnb.com.pe/rooms/27381858?adults=1&category_tag=Tag%3A8678&children=0&enable_m3_private_room=true&infants=0&pets=0&photo_id=609143690&search_mode=regular_search&check_in=2024-12-14&check_out=2024-12-19&source_impression_id=p3_1730060447_P3HSAXN6choy95ha&previous_page_section_name=1000,Hab X 2 :) Hospital Sant Pau y Sagrada Familia,153,4.56,209
www.airbnb.com.pe/rooms/1233912067738312329?adults=1&category_tag=Tag%3A8678&children=0&enable_m3_private_room=true&infants=0&pets=0&photo_id=1983896100&search_mode=regular_search&check_in=2024-12-01&check_out=2024-12-06&source_impression_id=p3_1730060450_P35UekrECx57scX1&previous_page_section_name=1000,Habitación privada La Eixample para 2 personas,444,4.38,8
www.airbnb.com.pe/rooms/16762460?adults=1&category_tag=Tag%3A8678&children=0&enable_m3_private_room=true&infants=0&pets=0&photo_id=951434518&search_mode=regular_search&check_in=2025-01-06&check_out=2025-01-11&source_impression_id=p3_1730060454_P3G-lEy-DvIJJr1j&previous_page_section_name=1000,Hogar compartido.,199,4.77,430
www.airbnb.com.pe/rooms/563396040001104055?adults=1&children=0&enable_m3_private_room=true&infants=0&pets=0&search_mode=regular_search&check_in=2024-11-10&check_out=2024-11-15&source_impression_id=p3_1730060458_P3Mwo2ekYEhkpMYD&previous_page_section_name=1000,Acogedor dormitorio de 6 plazas,124,4.37,121
www.airbnb.com.pe/rooms/1018087113579414014?adults=1&category_tag=Tag%3A8678&children=0&enable_m3_private_room=true&infants=0&pets=0&photo_id=1774183212&search_mode=regular_search&check_in=2024-11-23&check_out=2024-11-28&source_impression_id=p3_1730060462_P3HxHsZIGTRD2avx&previous_page_section_name=1000,Habitación con dos camas separadas.,114,4.68,37
www.airbnb.com.pe/rooms/1093431054711914255?adults=1&category_tag=Tag%3A8678&children=0&enable_m3_private_room=true&infants=0&pets=0&photo_id=1904575728&search_mode=regular_search&check_in=2024-12-01&check_out=2024-12-06&source_impression_id=p3_1730060465_P3hzAr_jLgCVXzbY&previous_page_section_name=1000,Habitación céntrica baño privado,354,4.79,47
www.airbnb.com.pe/rooms/1116642533191974191?adults=1&category_tag=Tag%3A8678&children=0&enable_m3_private_room=true&infants=0&pets=0&photo_id=1905017508&search_mode=regular_search&check_in=2024-11-10&check_out=2024-11-15&source_impression_id=p3_1730060469_P3k34Hmr_-QxlfnX&previous_page_section_name=1000,Habitación individual,187,4.46,41
www.airbnb.com.pe/rooms/40447482?adults=1&category_tag=Tag%3A8678&children=0&enable_m3_private_room=true&infants=0&pets=0&photo_id=1665978344&search_mode=regular_search&check_in=2024-11-18&check_out=2024-11-23&source_impression_id=p3_1730060473_P3JbLsc0zhsgM6Pb&previous_page_section_name=1000,Habitación doble grande en el centro,142,4.82,39
www.airbnb.com.pe/rooms/21711501?adults=1&children=0&enable_m3_private_room=true&infants=0&pets=0&search_mode=regular_search&check_in=2024-11-30&check_out=2024-12-05&source_impression_id=p3_1730060476_P3lA0-eHh4QliQNW&previous_page_section_name=1000,"Sencillo, moderno y cerca de la playa",302,4.77,1236
www.airbnb.com.pe/rooms/1218645303173234166?adults=1&category_tag=Tag%3A8678&children=0&enable_m3_private_room=true&infants=0&pets=0&photo_id=1971156620&search_mode=regular_search&check_in=2025-01-07&check_out=2025-01-12&source_impression_id=p3_1730060480_P3G6g7sMxsZEFf6N&previous_page_section_name=1000,Habitación Individual,162,4.93,15
www.airbnb.com.pe/rooms/27127886?adults=1&category_tag=Tag%3A8678&children=0&enable_m3_private_room=true&infants=0&pets=0&photo_id=1198245423&search_mode=regular_search&check_in=2025-01-14&check_out=2025-01-19&source_impression_id=p3_1730060484_P3D-7Svv-5uBfgqB&previous_page_section_name=1000,Cómoda y luminosa. Muy cerca Campo del Barça WIFI,146,4.92,284
www.airbnb.com.pe/rooms/1221751561372481946?adults=1&category_tag=Tag%3A8678&children=0&enable_m3_private_room=true&infants=0&pets=0&photo_id=1973735631&search_mode=regular_search&check_in=2024-11-17&check_out=2024-11-22&source_impression_id=p3_1730060488_P3f5jcmFId6fiiwN&previous_page_section_name=1000,Habitacion individual,124,4.72,18
www.airbnb.com.pe/rooms/41822352?adults=1&category_tag=Tag%3A8678&children=0&enable_m3_private_room=true&infants=0&pets=0&photo_id=1877977358&search_mode=regular_search&check_in=2024-11-17&check_out=2024-11-22&source_impression_id=p3_1730060492_P3TnBMTl5FGKaVyv&previous_page_section_name=1000,Balcón privado para 2 personas cerca de la Sagrada Familia,374,4.91,23
www.airbnb.com.pe/rooms/583987826544046548?adults=1&category_tag=Tag%3A8678&children=0&enable_m3_private_room=true&infants=0&pets=0&photo_id=2014996220&search_mode=regular_search&check_in=2025-01-02&check_out=2025-01-07&source_impression_id=p3_1730060496_P3cfZfMiiSfjZi79&previous_page_section_name=1000,Precioso apartamento  cerca  ala estación de sants,101,4.6,189
www.airbnb.com.pe/rooms/982574005765784708?adults=1&children=0&enable_m3_private_room=true&infants=0&pets=0&search_mode=regular_search&check_in=2024-11-23&check_out=2024-11-28&source_impression_id=p3_1730060500_P3hwuPj0RlMBh3ea&previous_page_section_name=1000,Bienvenido Apart. Bergueda Street,271,5.0,7
www.airbnb.com.pe/rooms/6833040?adults=1&category_tag=Tag%3A8678&children=0&enable_m3_private_room=true&infants=0&pets=0&photo_id=680690576&search_mode=regular_search&check_in=2024-12-11&check_out=2024-12-16&source_impression_id=p3_1730060503_P38auk7J-diM7i8T&previous_page_section_name=1000,Habitación Privada cerca del Estadio Camp Nou,130,4.52,292
www.airbnb.com.pe/rooms/15593934?adults=1&category_tag=Tag%3A8678&children=0&enable_m3_private_room=true&infants=0&pets=0&photo_id=1756964401&search_mode=regular_search&check_in=2025-01-10&check_out=2025-01-15&source_impression_id=p3_1730060507_P3Pjbi5V-LjwJE15&previous_page_section_name=1000,Bonita habitación barata y céntrica de 31 días en Barcelona,163,4.81,502
www.airbnb.com.pe/rooms/1202828460995202150?adults=1&children=0&enable_m3_private_room=true&infants=0&pets=0&search_mode=regular_search&check_in=2024-12-08&check_out=2024-12-13&source_impression_id=p3_1730060510_P3yPQQF5rIBZQNzV&previous_page_section_name=1000,Palacio de la Música 9,645,4.75,4
